Type,Name,Request Count,Failure Count,Median Response Time,Average Response Time,Min Response Time,Max Response Time,Average Content Size,Requests/s,Failures/s,50%,66%,75%,80%,90%,95%,98%,99%,99.9%,99.99%,99.999%,100%
GET,/,7,0,19,22.002288273402623,16.35122299194336,34.97815132141113,1069.0,0.09999765197272743,0.0,19,20,26,26,35,35,35,35,35,35,35,35
GET,/items,20,0,56,84.10364389419556,31.43310546875,245.91422080993652,1412.0,0.28570757706493555,0.0,60,87,120,130,210,250,250,250,250,250,250,250
GET,/signin,30,0,28,33.995978037516274,16.657114028930664,137.81499862670898,1596.0,0.42856136559740327,0.0,29,30,35,40,43,130,140,140,140,140,140,140
GET,/users/new,43,0,27,40.0193125702614,15.90108871459961,130.80501556396484,1780.0,0.6142712906896114,0.0,27,36,54,57,120,120,130,130,130,130,130,130
,Aggregated,100,0,29,45.76798677444458,15.90108871459961,245.91422080993652,1601.43,1.4285378853246777,0.0,30,39,54,58,120,130,210,250,250,250,250,250
