Type,Name,Request Count,Failure Count,Median Response Time,Average Response Time,Min Response Time,Max Response Time,Average Content Size,Requests/s,Failures/s,50%,66%,75%,80%,90%,95%,98%,99%,99.9%,99.99%,99.999%,100%
GET,/,7,0,24,23.192712238856725,14.583110809326172,28.6099910736084,1069.0,0.09441767148423874,0.0,24,26,27,27,29,29,29,29,29,29,29,29
GET,/items,29,0,34,43.745106664197195,25.05803108215332,136.9938850402832,1412.0,0.3911589247204177,0.0,34,37,42,63,70,99,140,140,140,140,140,140
GET,/signin,30,0,22,22.539973258972168,14.213800430297852,55.18174171447754,1596.0,0.40464716350388036,0.0,22,23,25,25,38,39,55,55,55,55,55,55
GET,/users/new,42,0,21,23.597257477896555,13.433218002319336,82.03864097595215,1780.0,0.5665060289054324,0.0,21,22,23,23,28,58,82,82,82,82,82,82
,Aggregated,108,0,23,28.68741750717163,13.433218002319336,136.9938850402832,1583.9907407407406,1.4567297886139692,0.0,23,27,32,34,55,64,82,99,140,140,140,140
